iso3,seagrasses_length,saltmarshes_length,coldcorals_length,coralreefs_length,mangroves_length,multiple_length,buffer,total_coastal_length
AGO,187.9233566047165,10.864358493116827,0.0,0.0,608.38285208604,56.02785750447127,1,2737.1787947922085
AIA,27.94260999587631,0.0,0.0,37.846779662991594,0.0,37.00117104803658,1,105.25508647698886
ALA,85.79368034935817,19.872437220144892,0.0,0.0,0.0,0.0,1,2315.193351334911
ALB,176.6592752050069,180.30340136058152,0.0,0.0,0.0,19.6691274473068,1,914.1903146615699
ARE,828.3036524004389,71.27662858998848,0.0,176.08978217480984,357.1785645488105,1117.0466873905712,1,4117.1640251092085
ASM,2.8195751040523946,0.0,0.0,62.868431930169514,0.0,135.75356473597896,1,201.4415717701899
ATG,8.17991976730706,10.279535260895356,0.0,111.12296470574208,43.47174846313918,116.86326811048794,1,347.46088707293814
AUS,7027.922520584686,3908.2527293547714,8.66665990189554,4503.319474887124,18212.59926052864,27983.15902460116,1,89842.3716864268
AZE,19.0265460471594,0.0,0.0,0.0,0.0,0.0,1,1320.1045204815505
BEN,41.13041681789947,0.0,0.0,0.0,146.0489960637765,17.498117483367878,1,236.60776175584112
BES,6.587279185834418,0.0,0.0,162.9860835014237,3.6511572911078884,29.602307722578132,1,243.52735449389877
BHR,34.33503556333699,0.0,0.0,71.7443895717395,0.0,452.5603933175644,1,597.4917533383563
BHS,497.7635717108677,4.291169412111709,0.035182735363179875,2068.305543646081,7559.214328232484,1263.4844532516245,1,13666.348813959257
BLM,3.5126675497732998,0.0,0.0,17.604688690946656,0.0,33.12240871933441,1,54.925632508514276
BLZ,53.783676778200075,0.0,0.0,4.770541646616756,473.7069577493379,1543.7806113343415,1,2124.5874309319693
BRA,335.1472216852621,314.0463219064096,2.899729601572269,430.66414440609753,26019.95309661383,641.0371886282226,1,66947.90344189947
BRB,9.097869442109076,0.0,0.0,45.054669932048036,0.0,44.84975030299659,1,103.9472639706602
CAN,1982.8833912394173,23416.47452635494,3.9370433747003837,0.0,0.0,2874.087050377018,1,343032.901836461
CHN,1052.1436045730468,8535.413707276666,0.0,428.7332482547617,1521.823425861101,2298.905066903832,1,40269.38470623332
COL,141.49382661449957,0.0,0.0,130.34167156295518,6951.450800478284,425.4946627527064,1,11092.05248314328
COM,11.602269666898035,0.0,0.0,283.85871394497326,0.0,159.67532575539505,1,475.290001233731
CRI,7.217637967090656,0.0,1.1593809576764544,292.6435635522008,1097.9031615922695,68.84847556586368,1,2495.8826219893685
CUB,1458.5020061097312,410.61479987313135,0.0,1014.5203010134685,6130.389999221508,8726.320631588213,1,18410.35625248733
CUW,5.098317318346075,0.0,0.0,124.12013667935256,7.5240963003412515,73.58080767187823,1,238.99131449954018
CXR,27.90739302210048,0.0,0.0,2.1468839163327984,0.0,43.868176534281794,1,73.92245347271391
CYP,103.8311810575179,2.492576466554401,0.0,0.0,0.0,4.003973756976552,1,765.1226132370456
DEU,351.7931708279965,801.4707281297286,0.0,0.0,0.0,334.97929382282825,1,4569.682367339847
DMA,44.80822212237641,0.0,0.0,14.017168139197423,0.0,93.04416904923292,1,162.3164775425585
DNK,2746.116317435161,658.0144550149362,0.0,0.0,0.0,964.3124883774558,1,6987.216690966078
DOM,59.12025712075852,0.0,0.0,572.4168403479761,321.33480123612503,334.09975400029725,1,1723.5192129163725
DZA,82.90500853628606,0.0,0.0,0.0,0.0,0.0,1,1554.3470485246917
EGY,116.07490623113486,12.209161695680509,0.0,1550.6357176610052,6.720536463915229,501.6889543285471,1,4544.097429678127
ERI,2.8416585778693286,0.0,0.0,1208.162234161729,242.49895716535497,595.6393461791073,1,3536.182565806175
ESH,1.2854805722093343,3.858145667094754,0.0,0.0,0.0,0.0,1,1139.1470940968345
ESP,2289.155699507012,913.2783469528896,11.141445067588807,0.0,0.0,88.87512109803907,1,8439.047069754459
EST,2.882458683760416,309.39712884805874,0.0,0.0,0.0,0.7915209831527125,1,2958.1433122807257
FIN,512.1085322340427,1097.994745493302,0.0,0.0,0.0,0.0,1,29925.83802222776
FJI,68.05542658909411,0.5775223253940845,0.0,1537.787912909162,603.8523454880926,2543.194551982925,1,5155.754926349106
FRA,3083.220129089221,977.1786906136158,1.6234892235360063,0.0,0.0,391.8761924080526,1,8222.136563640885
FSM,0.2168586435955492,0.0,0.0,813.7936588115388,18.671292531766973,654.8132832636951,1,1487.4950932505474
GBR,2284.6797668431,3142.934315054078,0.0,0.0,0.0,688.1747569819794,1,22482.633378367813
GGY,16.54055191641285,0.0,0.0,0.0,0.0,0.0,1,149.61686025613818
GHA,275.0480840517402,0.0,0.0,0.0,97.17401021610863,51.999036434992206,1,652.7252283650257
GIN,103.48670401280329,0.0,0.0,0.0,3313.3416260459994,1181.8332705436292,1,4760.1245112854
GLP,111.35791578920693,0.0,0.0,70.50044137640987,18.508519468386353,291.796150945494,1,501.15621889011265
GNB,308.9674243336144,0.0,0.0,0.0,4535.055422060831,2782.8844836388207,1,7799.475021324347
GRC,2525.74950507572,136.82660539960548,0.0,0.0,0.0,74.17621999402405,1,15729.525078248967
GRD,3.988520586662564,0.0,0.0,103.87445112880799,2.901146707060224,107.68807795152073,1,231.5536613217194
GRL,0.2601399375993131,639.1714396622398,14.026299621620701,0.0,0.0,0.0,1,95345.10349135539
GTM,3.875716777760122,0.0,0.0,2.7754948585353394,454.12816193933,8.477529122032374,1,673.4221483288385
GUM,4.795692540288128,0.0,0.0,2.113867936875574,0.0,198.3857387815683,1,205.34186472897625
HKG,293.79590783706436,6.501411895535683,0.0,4.704534384019778,7.676368145552545,9.302871236670104,1,796.9727434636768
HND,259.7084833546633,0.0,0.0,78.95894934431017,1410.8701342428128,512.1498115448826,1,2572.2034568543936
HRV,1394.8391552253438,89.16012729244099,0.7034958668723638,0.0,0.0,6.908600714451513,1,5899.422995080822
HTI,72.79050192833513,0.0,0.0,757.3058922133687,496.0487884429481,501.2642598173038,1,2245.6202087083275
IDN,1101.6815865412245,0.0,0.0,22619.315325303756,47466.307362805805,25189.3205492833,1,133708.68058175014
IMN,28.324183680529476,0.0,0.0,0.0,0.0,0.0,1,162.00281440796758
IND,374.0190369572078,28.14451662580243,1.2902520799412622,1268.4601553669513,12173.832948899853,2707.2346354455585,1,33830.50948987402
IRL,294.0393781494962,2701.4124801456924,0.0,0.0,0.0,116.17488307201685,1,7579.807227976176
IRN,796.1432970199215,2176.7072192599317,0.0,288.3574700137925,362.34293376822654,527.662845215172,1,7415.852186537426
ISL,185.2938310651627,247.066159345681,4.952028924952227,0.0,0.0,31.0306494841294,1,10366.581842129695
ISR,41.92225555803117,0.0,0.0,0.0,0.0,3.2911306545566004,1,251.15055428863474
ITA,5146.931918116122,1225.4054191883283,10.441618946833858,0.0,0.0,580.9754113954981,1,10211.660102223457
JAM,57.031865825251835,0.0,0.0,242.7509680611754,156.9701577248671,404.67782709006116,1,907.2590845552925
JEY,13.616327861778087,0.0,0.0,0.0,0.0,0.0,1,97.96216437305617
JOR,3.7510448434415347,0.0,0.0,15.638760935607134,0.0,4.925795454227976,1,29.540364202054924
JPN,4702.3861635459525,20.815144075962817,5.74475636825899,1250.6174961917086,33.16049548350873,501.4226671813455,1,33385.49743161596
KEN,20.491947666432804,0.0,0.0,217.71817389894125,777.2061359124965,416.35814768269194,1,1533.3245410871878
KHM,10.166544709669719,0.0,0.0,189.58769053929464,1301.1042113099743,19.554420015998094,1,2174.8775986529477
KNA,6.783759453490511,0.0,0.0,65.92969596918316,0.0,53.64256675626535,1,134.60162164750497
KOR,552.0280596547282,128.21422877602788,0.0,0.0,0.0,0.0,1,12700.2956686334
KWT,0.5905474045628503,52.0296859514241,0.0,2.434340000441149,0.0,663.8119962288074,1,863.5559269695766
LBN,7.702709271499916,0.0,0.0,0.0,0.0,0.0,1,294.232589564
LBY,85.81237084162179,3.2459353184717505,0.0,0.0,0.0,0.0,1,2045.9052488529794
LCA,3.2580380147723917,0.0,3.0122633713343334,82.30540689531556,0.0,46.388004997288704,1,184.65442965451652
LKA,281.5994892680717,29.585297695454912,0.0,157.58602529396066,1076.1403838222682,324.2890619700596,1,3342.467514172739
LTU,3.2797780407305117,3.3798484171672745,0.0,0.0,0.0,0.0,1,363.25271671359747
MAF,7.914739945457125,0.0,0.0,17.266997119782115,0.06047273525489176,13.877343762983882,1,50.667113954494276
MAR,15.456310864940134,16.68033505878526,0.0,0.0,0.0,7.5326888927514535,1,2408.7495818313214
MCO,6.631220687732943,0.0,0.0,0.0,0.0,0.0,1,6.631220687732943
MDG,176.3523585165242,6.5944480696044945,0.0,1580.4111829665942,6204.306837208596,2623.4102293818514,1,15434.412227182207
MEX,351.9573241282585,2562.4941262404777,8.355836225124541,953.1986725330257,12075.492783142949,2711.1903262904843,1,27411.458614536175
MLT,150.99600933153425,0.0,0.0,0.0,0.0,6.483487516425043,1,219.15096428132858
MMR,806.7179011131486,0.0,0.0,2342.7204006250113,14242.418641496342,2918.701836228008,1,33486.07231886116
MNE,2.243887604565547,8.57231746325222,0.0,0.0,0.0,0.0,1,474.9256063079599
MNP,2.4889439000088025,2.6597477786698183,0.0,187.61203242714032,0.0,4.215377516349229,1,380.22591979708574
MOZ,105.63495452937232,0.0,0.0,885.7684657814272,7513.674276580048,536.8703133251016,1,12052.590769651273
MRT,8.661607032161582,345.65947777558256,0.0,0.0,3.541301192928076,4.3593090149762945,1,1156.086226682325
MSR,7.568990013751947,0.0,0.0,9.65832469028992,0.0,19.9675294750063,1,47.244243888402444
MTQ,68.81427740331418,0.0,0.0,5.494320589203755,27.438626557860577,269.4079192209939,1,392.1114890682384
MUS,5.633859327256882,0.0,0.0,510.7085896942702,0.0,183.9556507445312,1,711.6469279412435
MYS,173.24782503906414,0.0,0.0,970.820561590004,9328.613297408367,1499.8792166131345,1,17050.60608868472
NCL,25.10647698863338,0.0,0.0,1054.4957776276308,1315.96319186193,1489.2842060319326,1,4041.975207298738
NGA,214.36411467099697,0.0,0.0,0.0,5397.215260410291,516.1267218396168,1,6377.140103305453
NIC,111.68924742359278,0.0,0.0,39.400877682319596,1157.5765077389324,554.5183806200232,1,2629.8483829830366
NLD,87.77456744983326,592.3331854543068,0.0,0.0,0.0,50.73979690048975,1,3369.059123086038
NOR,7371.242916961005,40.185567120971655,610.0066109956883,0.0,0.0,85.52985351984869,1,68490.1446807349
NZL,129.21903837015438,1174.0020775115368,65.26842918520039,0.0,1249.1746611786812,945.0020227516599,1,16992.40044913289
OMN,21.39950695864974,0.0,0.0,535.663608060754,26.679269685333,9.726297104036208,1,3114.2342863917384
PAN,177.62927393109604,1.047727668197866,0.0,915.8825932377802,3484.2568479077327,1304.7470343101145,1,8759.568322212159
PHL,690.596153191279,0.4064116203006288,0.0,10369.242115423844,6570.290503518427,14856.12410554072,1,39831.55597861775
PNG,452.15197562452704,0.0,0.0,5317.705049989842,7839.364943803547,5037.969114063573,1,29276.599506985207
POL,3.810733961730755,32.69116308896852,0.0,0.0,0.0,0.9865803908314461,1,1472.4901529520048
PRI,25.176518945775097,23.378046459851898,0.9893609982712909,86.41325577864711,16.33841495066052,826.883661080909,1,1078.261654870471
PRK,8.57380178836238,43.854443766575706,0.0,0.0,0.0,0.0,1,5052.811707977153
PRT,12.08542212462263,1148.8569619652692,9.551097411813489,0.0,0.0,19.835222603625496,1,3824.250886411605
PYF,12.184220322192722,0.0,0.0,7719.283110815409,0.0,473.40811607025347,1,8953.278182113987
QAT,315.05869174357923,3.3077488221071967,0.0,31.179570816453953,16.523745536608843,260.73966648593614,1,979.9789787801259
ROU,15.238188006197726,58.80703688587397,0.0,0.0,0.0,0.0,1,2401.910377637618
RUS,396.31753733501324,3914.9347744992597,0.0,0.0,0.0,69.53359932638446,1,180435.4797236286
SAU,986.2625134299443,50.818563288731156,0.0,1363.4134421116837,315.7658630870069,2740.377455163917,1,7118.69043481655
SDN,302.3460466495128,6.714085217673283,0.0,398.5823577804268,100.01402744337965,176.11510682297978,1,1688.609830837841
SEN,116.04573413425643,0.0,0.0,0.0,3437.0505208802756,29.09061811206128,1,7476.582263356412
SGP,137.82609325772756,0.0,0.0,4.6459903961420705,49.27872851125932,89.13567115163218,1,512.387647499812
SLB,0.23141266873991323,0.0,0.0,3783.306720114978,837.5769788550399,5222.437018791031,1,10399.34587462775
SLE,137.86503751923888,0.0,0.0,0.0,2470.0361164287606,572.367423578818,1,3778.913213339313
SOM,4.987978905270012,0.0,0.0,519.2652820263089,253.854163508665,111.92466562926194,1,3881.859773851874
SUR,2.921441677867828,0.0,0.0,0.0,731.5614205255712,3.8785064872621553,1,8187.632262272098
SVN,31.581317763219158,0.0,0.0,0.0,0.0,11.196054855187917,1,42.77737261840475
SWE,3569.8612069994097,3813.4509528698336,22.356673502152063,0.0,0.0,371.83352750112095,1,28170.060336087066
SXM,6.1721551742480605,0.0,0.0,5.6349228891340015,0.0,18.434415907031386,1,30.241493970408897
SYC,10.825642065410413,0.0,0.0,680.3665538803798,42.22163168361368,171.63272998573996,1,1005.2965596567739
SYR,47.1930593138691,0.0,0.0,0.0,0.0,0.0,1,235.46040226230633
TCA,114.75087469889516,0.0,0.0,62.323421474789804,36.85616120590686,778.7789621743786,1,1007.5637387390708
TGO,27.841964224189162,0.0,0.0,0.0,40.81997917237527,0.0,1,186.4019165831408
THA,488.00227666250976,0.0,0.0,940.6730308281699,4660.0786402463655,1274.5605703798979,1,9925.09419095712
TLS,41.409361070390766,0.0,0.0,301.89258561910754,35.72178947101113,63.9102509309798,1,784.4854838459071
TON,4.6178776697777755,0.0,0.0,387.6101088333271,28.4562345636391,388.0378022621754,1,850.0914373885482
TTO,80.27468146850478,0.0,0.0,102.67940599276515,170.0120380290153,56.832360582860616,1,716.3262576232107
TUN,732.0656332528226,0.507879601012238,0.0,0.0,0.0,7.015394596899962,1,1999.4446230232015
TUR,44.94305909446202,425.85155328008545,0.0,0.0,0.0,0.0,1,8428.437336452562
TWN,137.88245253432495,80.86835664321178,0.0,590.7708558730405,62.59675782895158,100.52604353409811,1,2736.3568345062486
TZA,9.66268709573674,40.79797898110839,0.0,973.4628582647395,1438.630074515329,1714.4145075653303,1,4271.337612600357
UKR,862.3984108571696,2.6373435203107496,0.0,0.0,0.0,3.1287620148494453,1,7335.287411965964
USA,5578.131100839337,68258.94410058366,34.7842250477447,415.41216378664893,1682.9841460611872,24390.256961173112,1,182915.71990203141
VCT,4.9524471250471915,0.0,0.0,113.18695940590413,9.729162010987071,11.554689480441562,1,248.7624270078562
VEN,244.28669552036536,7.24179825529436,0.0,429.77289558172436,4022.5452390681367,784.3056233525465,1,10455.998040610195
VGB,11.128844950296962,0.0,0.0,55.75886516041825,0.4371953702023784,260.0594154322939,1,336.02939163450196
VIR,10.023160969750533,5.373728867537533,0.0,63.226266988765246,0.0,291.7925874711316,1,378.50212924640545
VNM,59.12527809087806,153.91233599639887,0.0,1135.397734614368,6280.737937087021,161.84995573958952,1,18406.42987325767
VUT,25.356597910134774,1.2474436415326418,0.0,2276.2713576138535,0.0,472.0190886916778,1,3148.174177673314
WSM,14.958281097710675,0.0,0.0,293.1068587956811,3.599127813561877,143.58549917622267,1,474.0778622688439
YEM,430.50789587946946,0.0,0.0,466.42223507283234,36.18238660217347,455.94071301340193,1,3531.820076361885
ZAF,145.77070123473194,230.43552827657084,0.0,0.0,207.93388662365288,49.641763545820986,1,4271.131425375076
xUK,10.637373871935864,0.0,0.0,0.0,0.0,0.0,1,74.59009239782979
ARG,0.0,3364.125202677899,0.0,0.0,0.0,0.0,1,12526.344580250341
BEL,0.0,61.31360539979934,0.0,0.0,0.0,0.0,1,240.54692181066673
BGR,0.0,2.8783969906545215,0.0,0.0,0.0,0.0,1,521.8382516827696
BIH,0.0,20.338139571441747,0.0,0.0,0.0,0.0,1,40.142561293419
CHL,0.0,177.66559735682046,105.47089546996168,0.0,0.0,0.0,1,108013.18281937267
ECU,0.0,23.93728625695013,9.299719629002798,94.61694829352916,3527.033816422981,472.23307559215135,1,5712.038707125406
IRQ,0.0,649.0131769767966,0.0,0.0,0.0,54.614379163857045,1,712.236127913436
LVA,0.0,34.85375703108414,0.0,0.0,0.0,0.0,1,939.2186372068962
MAC,0.0,26.592713242318602,0.0,0.0,0.0,0.0,1,48.01667364302881
NAM,0.0,50.573908964645504,0.0,0.0,0.0,0.0,1,1700.511675038788
PER,0.0,176.5476715615629,0.0,0.0,91.51207651519852,70.55264289434618,1,3538.2576457587734
URY,0.0,125.04962501495622,0.0,0.0,0.0,0.0,1,2739.07905886309
ATA,0.0,0.0,71.43535665274459,0.0,0.0,0.0,1,54834.88445802649
ATF,0.0,0.0,2.4942969219129383,44.0266500454739,8.481733417701346,17.537441087719095,1,4274.446716193538
BMU,0.0,0.0,17.93660747995378,72.90486041885718,27.895428866199246,52.91017175323861,1,220.92096317462523
CPV,0.0,0.0,9.339113238980442,0.0,0.0,0.0,1,1141.0080085928778
NFK,0.0,0.0,8.083385638831057,0.0,0.0,0.0,1,42.7329879512614
SGS,0.0,0.0,10.55732562377855,0.0,0.0,0.0,1,1669.3298401530367
SHN,0.0,0.0,9.6401521911735,0.0,0.0,0.0,1,221.4562349050606
ABW,0.0,0.0,0.0,46.19672885973762,0.0,39.906430607580006,1,86.1031594673153
BGD,0.0,0.0,0.0,12.072583450045151,5841.8076565931715,5.894647399427639,1,15952.603984546493
CCK,0.0,0.0,0.0,5.877369407358436,0.0,114.63348362568173,1,120.51085303304016
COK,0.0,0.0,0.0,487.54774180226525,0.0,28.233211771841123,1,517.0021379696434
CYM,0.0,0.0,0.0,90.66491303253866,30.1384409593412,96.90713126109016,1,218.79593650321254
DJI,0.0,0.0,0.0,271.70042304863813,19.779055429335752,64.09286730418128,1,463.7674950914857
KIR,0.0,0.0,0.0,1683.7523270504068,0.0,268.49610208996137,1,2185.516673865573
MDV,0.0,0.0,0.0,1881.2799399397375,0.0,236.3478156831989,1,2123.1883699863815
MHL,0.0,0.0,0.0,2241.400885162552,0.0,172.3638952504239,1,2413.764780412975
NIU,0.0,0.0,0.0,65.9906829347499,0.0,0.0,1,65.9906829347499
NRU,0.0,0.0,0.0,18.463362811306656,0.0,0.0,1,18.463362811306656
PCN,0.0,0.0,0.0,60.17003156204576,0.0,0.0,1,60.60186430546761
PLW,0.0,0.0,0.0,248.00931637162927,37.20280150478542,280.02207552297665,1,718.6046519506837
REU,0.0,0.0,0.0,59.98309705409723,0.0,0.0,1,238.81522734461367
TKL,0.0,0.0,0.0,164.76675593562464,0.0,0.0,1,164.76675593562464
TUV,0.0,0.0,0.0,209.96218724483475,0.0,19.17940114390767,1,229.1415883887415
UMI,0.0,0.0,0.0,141.16857206800952,0.0,0.33227680307308805,1,143.67827414355048
WLF,0.0,0.0,0.0,98.01404050767235,0.0,33.27703925475581,1,134.506974911638
xPI,0.0,0.0,0.0,22.0558439413455,0.0,2.2051324341537857,1,24.26097637549929
xSI,0.0,0.0,0.0,11.814224441445944,0.0,0.0,1,39.21824934311244
xSK,0.0,0.0,0.0,21.13559459466195,0.0,0.0,1,21.13559459466195
xSR,0.0,0.0,0.0,46.147191993814445,0.0,0.0,1,46.147191993814445
BRN,0.0,0.0,0.0,0.0,297.23658711939584,0.0,1,487.4857737546649
CIV,0.0,0.0,0.0,0.0,394.70564526107785,0.0,1,1825.1411628120227
CMR,0.0,0.0,0.0,0.0,3054.1046203268907,0.0,1,3499.13385344006
COD,0.0,0.0,0.0,0.0,320.2193256028552,0.0,1,518.2772868875979
COG,0.0,0.0,0.0,0.0,95.49782150674373,0.0,1,367.87007078039846
GAB,0.0,0.0,0.0,0.0,2295.6509913622463,0.0,1,4109.4139107288565
GMB,0.0,0.0,0.0,0.0,1112.205184658464,34.756833119689524,1,1210.8849735894057
GNQ,0.0,0.0,0.0,0.0,306.8295519928749,0.0,1,782.115781441733
GUF,0.0,0.0,0.0,0.0,1065.7907689315878,0.0,1,2231.3678229779825
GUY,0.0,0.0,0.0,0.0,689.7193840758569,0.0,1,5014.939440966127
LBR,0.0,0.0,0.0,0.0,866.0541475794809,0.0,1,1538.4620318718307
PAK,0.0,0.0,0.0,0.0,4373.567113155825,0.0,1,11163.507501963693
SLV,0.0,0.0,0.0,0.0,730.4000857737592,0.0,1,951.5008063515556
STP,0.0,0.0,0.0,0.0,9.76088557524495,0.0,1,267.78684147953885
MYT,0.0,0.0,0.0,0.0,0.0,247.53430555362294,1,247.53430555490726
ALA,656.41464028942,0.0,0.0,0.0,0.0,1658.7787110454963,30,2315.193351334911
ALB,92.04610211930918,143.64225406309524,0.0,0.0,0.0,608.4249185222361,30,914.1903146615699
ARE,12.715787954063083,42.672319322225285,0.0,1.6814371463953635,10.864566819142755,4005.363895840374,30,4117.1640251092085
AUS,3564.080225535749,1422.7190971985144,109.62055278532331,1425.514054402573,772.3723254893105,80235.98400219268,30,89842.3716864268
AZE,1126.3872431040743,0.0,0.0,0.0,0.0,0.0,30,1320.1045204815505
BRA,482.9746012517292,929.3953212301714,116.44560501997267,45.565705817328784,28698.55321678359,10328.651201960009,30,66947.90344189947
CAN,2099.8961196695705,25009.941265304114,1018.5320767194623,0.0,0.0,29601.68473118241,30,343032.901836461
CHN,171.3320776197943,17054.168440276662,0.0,157.52036105136983,123.17365682517614,18527.575872491485,30,40269.38470623332
COL,37.69567599097617,0.0,48.60192295902827,22.133415804617474,7297.587369938357,2861.004064498916,30,11092.05248314328
CYP,483.63498894993535,0.0,0.0,0.0,0.0,190.1312647720661,30,765.1226132370456
DEU,767.247780427305,394.0436246997393,0.0,0.0,0.0,3024.3071894114223,30,4569.682367339847
DNK,50.61635363914114,119.60809347790732,0.0,0.0,0.0,6668.847360943703,30,6987.216690966078
DZA,277.1786623437893,143.5188168064304,0.0,0.0,0.0,50.90659977242964,30,1554.3470485246917
EGY,788.2337815471975,452.59185819273824,0.0,451.1642067531643,0.0,2181.677191803764,30,4544.097429678127
ESH,15.601649016349306,66.3822218852664,0.0,0.0,0.0,39.18021783168563,30,1139.1470940968345
ESP,1739.197245914702,1154.3006072228234,76.5021959242161,0.0,0.0,5458.581079189531,30,8439.047069754459
EST,5.03096562198603,638.710781635633,0.0,0.0,0.0,2226.7056234301717,30,2958.1433122807257
FIN,5434.515598421091,10586.210921529622,0.0,0.0,0.0,13242.2014228632,30,29925.83802222776
FRA,732.2916236066827,1158.5139759058327,0.0,0.0,0.0,6196.063912182985,30,8222.136563640885
GBR,6617.827523117748,1427.5139193624664,124.50395052720259,0.0,0.0,13822.275567856315,30,22482.633378367813
GGY,125.06793033795265,0.0,0.0,0.0,0.0,24.548929918185525,30,149.61686025613818
GRC,5951.35726880288,333.5639114780306,136.5778578590062,0.0,0.0,8303.481742601967,30,15729.525078248967
GRL,2636.019841520911,4231.283559839634,1957.2729718280866,0.0,0.0,62.877796331398294,30,95345.10349135539
HKG,46.34181592620631,0.0,0.0,0.0,0.0,750.630927537475,30,796.9727434636768
HRV,1606.7642690492212,250.88462830081022,1382.847994314809,0.0,0.0,2400.0142848466644,30,5899.422995080822
IDN,238.06051398051812,0.0,0.0,4991.303768467559,37582.55098003944,81490.89064183482,30,133708.68058175014
IMN,162.00281440796758,0.0,0.0,0.0,0.0,0.0,30,162.00281440796758
IND,561.6840467125581,53.05585648856183,0.0,776.6374700252487,8774.911640850929,20410.97647925019,30,33830.50948987402
IRN,530.4403965730236,985.2498357708746,0.0,441.850174465278,628.6887454373508,3429.1391142147572,30,7415.852186537426
ISL,1289.4488454612226,933.2854069823087,341.26237839886846,0.0,0.0,3741.7728281517084,30,10366.581842129695
ISR,213.38284961839867,0.0,0.0,0.0,0.0,11.846565108275207,30,251.15055428863474
ITA,3225.021788698102,364.42202381526414,13.020307918405553,0.0,0.0,6046.823872751768,30,10211.660102223457
JEY,62.71293922130092,0.0,0.0,0.0,0.0,35.24922515175526,30,97.96216437305617
JPN,19243.185633450885,369.56788153694004,763.6368048428589,375.57458354096843,0.0,6041.978412484778,30,33385.49743161596
KAZ,1133.953856212612,0.0,0.0,0.0,0.0,0.0,30,6583.111406925719
KOR,8898.298986123755,595.6128936824152,0.0,0.0,0.0,1655.1298854887455,30,12700.2956686334
LBN,205.0205136141233,0.0,0.0,0.0,0.0,0.0,30,294.232589564
LBY,515.9770594397805,151.70891399609613,0.0,0.0,0.0,0.0,30,2045.9052488529794
LKA,29.28995847948365,0.0,0.0,0.0,355.031945432082,2958.145610261221,30,3342.467514172739
LTU,36.73724212398259,246.64030813417935,0.0,0.0,0.0,47.040044030639734,30,363.25271671359747
MAR,162.01782333893536,68.37274552749935,299.52204279230523,0.0,0.0,397.7663276957199,30,2408.7495818313214
MDG,199.35856788785532,0.0,0.0,1357.2303608464724,1230.780109619572,10757.08670020521,30,15434.412227182207
MEX,93.14346198649085,495.81675288631305,108.9995153791829,1677.615393709876,4216.792756888892,20325.844576088097,30,27411.458614536175
MMR,143.74005492142905,0.0,0.0,417.9640442678175,12569.135489399589,16194.074279159882,30,33486.07231886116
MNE,92.04610211930918,85.37477457103053,0.0,0.0,0.0,255.32292195151075,30,474.9256063079599
MNP,60.93633412054864,0.0,0.0,84.361405915988,0.0,135.1792333458418,30,380.22591979708574
MOZ,305.952701963124,0.0,34.47079035263754,57.99350180775695,4885.732077389118,6373.972300595709,30,12052.590769651273
MRT,272.37059800333657,153.7977454070255,0.0,0.0,20.230962960445744,482.42370269081545,30,1156.086226682325
MYS,2.0140100551837485,0.0,0.0,78.89173416812886,6814.723471485779,9223.04869288556,30,17050.60608868472
NLD,377.3006036577499,451.2267966757439,0.0,0.0,0.0,2106.751814652273,30,3369.059123086038
NOR,16775.359095740714,373.7868715618652,10620.853788236205,0.0,0.0,35417.96432280088,30,68490.1446807349
NZL,230.84374966142417,2042.7245887704566,2390.530069063824,0.0,9.877403711657017,10367.87661209736,30,16992.40044913289
OMN,77.44593528424718,0.0,57.05636094304584,875.0848670359104,119.83233246440031,1499.3371114396211,30,3114.2342863917384
PHL,48.79214500993976,0.0,4.623777256084768,1135.0968053721776,241.87573624250746,37542.9537616747,30,39831.55597861775
PNG,28.834204330842706,0.0,29.724182650056232,2030.1784621044562,7367.779527592997,14890.572394450604,30,29276.599506985207
PRK,1888.6319788881403,842.2129709722815,0.0,0.0,0.0,0.0,30,5052.811707977153
QAT,37.733217873064106,0.0,0.0,48.24024331158762,0.0,865.5119910692295,30,979.9789787801259
REU,1.1361103026944597,0.0,0.0,78.59310046714573,0.0,90.23124198473732,30,238.81522734461367
ROU,116.77179653176763,0.0,0.0,0.0,0.0,265.0928133126044,30,2401.910377637618
RUS,8601.020679200135,18431.189202714282,285.15636000589626,0.0,0.0,1697.250004368881,30,180435.4797236286
SAU,78.99756095137097,1.4788973602483417,0.0,28.977958770283937,0.0,7009.236017734575,30,7118.69043481655
SDN,3.0562886987838422,0.0,0.0,224.55096577962118,0.0,1436.0533482367432,30,1688.609830837841
SOM,119.16306415817371,0.0,132.68998128931037,399.2855349117793,284.4274139360592,851.3425693494185,30,3881.859773851874
SWE,676.6286923056733,9571.17531676094,0.0,0.0,0.0,17851.241362906174,30,28170.060336087066
SYR,235.46040226230633,0.0,0.0,0.0,0.0,0.0,30,235.46040226230633
THA,14.745163411398858,0.0,0.0,336.3181190077737,1052.076950956744,8498.47273943667,30,9925.09419095712
TKM,729.4497235480983,0.0,0.0,0.0,0.0,0.0,30,1642.3440267518677
TUN,1575.6427370021277,0.0,0.0,0.0,0.0,409.430798689158,30,1999.4446230232015
TUR,2002.14836929941,1999.3879917471463,1.6583195506190191,0.0,0.0,1843.7310274206977,30,8428.437336452562
UKR,3676.3962116805797,262.4393267605648,0.0,0.0,0.0,518.5110457207586,30,7335.287411965964
USA,3196.5588042164154,69525.94632197445,5364.18834466338,56.238390561332935,146.94967699125573,89609.66815832723,30,182915.71990203141
YEM,313.3825492593112,0.0,0.0,624.1986215606315,107.14219358684443,1475.0825840664231,30,3531.820076361885
ZAF,259.13996850082316,469.2185602619474,172.35784534097422,0.0,154.29141626216324,1924.7570686171775,30,4271.131425375076
xRI,240.5286078315071,0.0,125.39367818113065,0.0,0.0,62.61804925392237,30,1363.8711753545922
AGO,0.0,433.91889439237184,0.0,0.0,1302.806766656837,319.9847556864598,30,2737.1787947922085
ARG,0.0,5415.214946300068,223.86957544169914,0.0,0.0,420.0946010671506,30,12526.344580250341
BEL,0.0,109.69432347578864,0.0,0.0,0.0,76.71347400144278,30,240.54692181066673
BGR,0.0,238.92235820116136,0.0,0.0,0.0,26.813331565490454,30,521.8382516827696
BIH,0.0,16.862130579917558,0.0,0.0,0.0,23.280430713501357,30,40.142561293419
CHL,0.0,2842.6415311401934,16205.3034750595,0.0,0.0,835.8344903675527,30,108013.18281937267
ECU,0.0,65.78915992600756,34.441706092854865,4.14443935580446,1999.930186517556,3435.6177743016115,30,5712.038707125406
GEO,0.0,128.59924760794925,0.0,0.0,0.0,0.0,30,360.4784418961309
IRL,0.0,1529.253369191188,0.0,0.0,0.0,6050.5538587849705,30,7579.807227976176
IRQ,0.0,380.9067411088298,0.0,0.0,0.0,331.329386804606,30,712.236127913436
KWT,0.0,35.9617967218583,0.0,0.0,0.0,827.5941302477186,30,863.5559269695766
LVA,0.0,653.5245764471833,0.0,0.0,0.0,15.977136702642545,30,939.2186372068962
NAM,0.0,178.92504397401018,0.0,0.0,0.0,0.0,30,1700.511675038788
PER,0.0,1021.2983863787769,166.20236641967827,0.0,173.20777316698565,329.9212437571349,30,3538.2576457587734
POL,0.0,628.6275828009764,0.0,0.0,0.0,293.99415190279626,30,1472.4901529520048
PRT,0.0,1245.9828144243136,1019.5625685981287,0.0,0.0,1215.1206307233797,30,3824.250886411605
TWN,0.0,304.28573789555077,0.0,817.4703314511497,633.2167197494043,878.2184693885188,30,2736.3568345062486
URY,0.0,418.3279175825329,19.539057534259978,0.0,0.0,52.105471766392036,30,2739.07905886309
VNM,0.0,616.6217516370251,0.0,877.003880130545,3990.3555608076153,10928.352969752117,30,18406.42987325767
ATA,0.0,0.0,5643.756518754408,0.0,0.0,0.0,30,54834.88445802649
ATF,0.0,0.0,211.62075248024993,32.32393494697147,0.0,37.7218896039185,30,4274.446716193538
CPV,0.0,0.0,734.7928579764239,0.0,0.0,0.0,30,1141.0080085928778
CRI,0.0,0.0,148.15688753747216,3.584717861416965,173.91336388803273,2090.23551039223,30,2495.8826219893685
FLK,0.0,0.0,9.9627018201719,0.0,0.0,0.0,30,7466.667111874511
FRO,0.0,0.0,65.45797765242239,0.0,0.0,0.0,30,1058.2482687370075
GNQ,0.0,0.0,22.809276763765308,0.0,545.8043259806224,58.82528595603171,30,782.115781441733
PAN,0.0,0.0,60.11232274514805,59.05445287230134,2127.2087212627657,6291.940182523093,30,8759.568322212159
SEN,0.0,0.0,32.7725124648793,0.0,4858.729969510345,1690.1562133318332,30,7476.582263356412
SGS,0.0,0.0,1144.3911128939012,0.0,0.0,0.0,30,1669.3298401530367
SHN,0.0,0.0,177.66799053134204,0.0,0.0,0.0,30,221.4562349050606
SJM,0.0,0.0,23.638613899235658,0.0,0.0,0.0,30,9106.341976935175
TTO,0.0,0.0,0.3214873889538986,0.0,95.66967530710798,620.3350949272137,30,716.3262576232107
VEN,0.0,0.0,25.071071857458033,133.2718236201133,5586.631175117125,3579.5375454944447,30,10455.998040610195
ASM,0.0,0.0,0.0,59.39756457373978,0.0,142.04400719645014,30,201.4415717701899
BHS,0.0,0.0,0.0,279.9956561207288,0.0,13383.834025896827,30,13666.348813959257
BRN,0.0,0.0,0.0,16.47579007885372,75.81965848215273,370.6995473567436,30,487.4857737546649
COK,0.0,0.0,0.0,404.76924216404757,0.0,112.23289580559576,30,517.0021379696434
COM,0.0,0.0,0.0,81.56765838473763,0.0,393.72234284899474,30,475.290001233731
CUB,0.0,0.0,0.0,118.6333240689021,118.50072356758257,18172.573992654445,30,18410.35625248733
DJI,0.0,0.0,0.0,151.20633244445733,0.0,312.5611626470293,30,463.7674950914857
ERI,0.0,0.0,0.0,69.22372223254001,183.37688235369336,3095.1195120576076,30,3536.182565806175
FJI,0.0,0.0,0.0,333.59119911722985,0.0,4706.686042504312,30,5155.754926349106
FSM,0.0,0.0,0.0,489.1694858092942,0.0,998.3256074412532,30,1487.4950932505474
HND,0.0,0.0,0.0,41.325651530912225,688.4853011334855,1842.392504190001,30,2572.2034568543936
HTI,0.0,0.0,0.0,135.44526250218067,3.628291384168866,2105.173635423236,30,2245.6202087083275
JAM,0.0,0.0,0.0,2.096663443658561,0.0,905.1624211116343,30,907.2590845552925
KHM,0.0,0.0,0.0,49.007881787624484,446.2600030387834,1311.8264392871638,30,2174.8775986529477
KIR,0.0,0.0,0.0,1040.9086801044284,0.0,1144.6079937611455,30,2185.516673865573
MDV,0.0,0.0,0.0,752.2615460485142,0.0,1370.9268239378682,30,2123.1883699863815
MHL,0.0,0.0,0.0,1624.9435465648241,0.0,788.8212338481528,30,2413.764780412975
MUS,0.0,0.0,0.0,268.09488442244253,0.0,443.55204351880434,30,711.6469279412435
NCL,0.0,0.0,0.0,459.0264872651071,0.0,3573.8326265764617,30,4041.975207298738
NIC,0.0,0.0,0.0,0.3135963751697501,705.4789915421495,1812.1529269757252,30,2629.8483829830366
NIU,0.0,0.0,0.0,65.9906829347499,0.0,0.0,30,65.9906829347499
NRU,0.0,0.0,0.0,18.463362811306656,0.0,0.0,30,18.463362811306656
PCN,0.0,0.0,0.0,60.60186430546761,0.0,0.0,30,60.60186430546761
PLW,0.0,0.0,0.0,23.784805124898345,0.0,694.8198468257892,30,718.6046519506837
PYF,0.0,0.0,0.0,7136.832485495816,0.0,1072.237975880871,30,8953.278182113987
SLB,0.0,0.0,0.0,555.0300867053378,0.0,9835.14233090717,30,10399.34587462775
SYC,0.0,0.0,0.0,280.73104427922834,0.0,717.4492570408071,30,1005.2965596567739
TCA,0.0,0.0,0.0,3.4041338029592607,0.0,1004.1596049361166,30,1007.5637387390708
TKL,0.0,0.0,0.0,164.76675593562464,0.0,0.0,30,164.76675593562464
TLS,0.0,0.0,0.0,84.79511000748123,21.69058401149288,648.0418143383279,30,784.4854838459071
TON,0.0,0.0,0.0,114.21006364434383,0.0,709.9595289501297,30,850.0914373885482
TUV,0.0,0.0,0.0,147.7071896025668,0.0,81.43439878617467,30,229.1415883887415
UMI,0.0,0.0,0.0,119.523887431554,0.0,24.154386711996473,30,143.67827414355048
VUT,0.0,0.0,0.0,1199.9543591634344,0.0,1939.6972382645904,30,3148.174177673314
WSM,0.0,0.0,0.0,28.629193822921117,0.0,445.4486684459229,30,474.0778622688439
xPI,0.0,0.0,0.0,22.0558439413455,0.0,2.2051324341537857,30,24.26097637549929
xSI,0.0,0.0,0.0,11.814224441445944,0.0,0.0,30,39.21824934311244
xSK,0.0,0.0,0.0,21.13559459466195,0.0,0.0,30,21.13559459466195
xSR,0.0,0.0,0.0,46.147191993814445,0.0,0.0,30,46.147191993814445
BGD,0.0,0.0,0.0,0.0,9800.244022934357,191.38070118089252,30,15952.603984546493
CIV,0.0,0.0,0.0,0.0,877.3581876044685,910.7757051510366,30,1825.1411628120227
CMR,0.0,0.0,0.0,0.0,3451.41700027704,28.69276326744423,30,3499.13385344006
COD,0.0,0.0,0.0,0.0,518.2772868875979,0.0,30,518.2772868875979
COG,0.0,0.0,0.0,0.0,296.686670753872,0.0,30,367.87007078039846
GAB,0.0,0.0,0.0,0.0,3413.6397643046407,0.0,30,4109.4139107288565
GHA,0.0,0.0,0.0,0.0,153.44767430593777,499.277554059087,30,652.7252283650257
GIN,0.0,0.0,0.0,0.0,4.09688065011877,4756.0276306352835,30,4760.1245112854
GMB,0.0,0.0,0.0,0.0,835.6172105252671,375.2677630641436,30,1210.8849735894057
GNB,0.0,0.0,0.0,0.0,298.6620971659956,7500.812924158337,30,7799.475021324347
GTM,0.0,0.0,0.0,0.0,374.0981792249291,299.3239691039215,30,673.4221483288385
GUF,0.0,0.0,0.0,0.0,1497.8987846642292,229.97981351970756,30,2231.3678229779825
GUY,0.0,0.0,0.0,0.0,1660.960739995365,0.0,30,5014.939440966127
LBR,0.0,0.0,0.0,0.0,1332.1777119656513,172.83484090857132,30,1538.4620318718307
NGA,0.0,0.0,0.0,0.0,2264.247049852352,4112.893053453108,30,6377.140103305453
PAK,0.0,0.0,0.0,0.0,8245.271387689114,609.7793959930027,30,11163.507501963693
SLE,0.0,0.0,0.0,0.0,1362.004796283986,2398.7722967845016,30,3778.913213339313
SLV,0.0,0.0,0.0,0.0,951.5008063515555,0.0,30,951.5008063515556
STP,0.0,0.0,0.0,0.0,62.11264153117728,112.0790191467916,30,267.78684147953885
SUR,0.0,0.0,0.0,0.0,1197.3061084781616,545.799790646896,30,8187.632262272098
ABW,0.0,0.0,0.0,0.0,0.0,86.1031594673153,30,86.1031594673153
AIA,0.0,0.0,0.0,0.0,0.0,105.255086476989,30,105.25508647698886
ATG,0.0,0.0,0.0,0.0,0.0,347.0207588511773,30,347.46088707293814
BEN,0.0,0.0,0.0,0.0,0.0,236.60776175584152,30,236.60776175584112
BES,0.0,0.0,0.0,0.0,0.0,243.52735449389905,30,243.52735449389877
BHR,0.0,0.0,0.0,0.0,0.0,597.4917533383563,30,597.4917533383563
BLM,0.0,0.0,0.0,0.0,0.0,54.925632508515484,30,54.925632508514276
BLZ,0.0,0.0,0.0,0.0,0.0,2123.2621917134106,30,2124.5874309319693
BMU,0.0,0.0,0.0,0.0,0.0,220.92096317462523,30,220.92096317462523
BRB,0.0,0.0,0.0,0.0,0.0,103.9472639706602,30,103.9472639706602
CCK,0.0,0.0,0.0,0.0,0.0,120.51085303304016,30,120.51085303304016
CUW,0.0,0.0,0.0,0.0,0.0,238.9913144995413,30,238.99131449954018
CXR,0.0,0.0,0.0,0.0,0.0,73.92245347271391,30,73.92245347271391
CYM,0.0,0.0,0.0,0.0,0.0,217.7104852529565,30,218.79593650321254
DMA,0.0,0.0,0.0,0.0,0.0,162.31647754256073,30,162.3164775425585
DOM,0.0,0.0,0.0,0.0,0.0,1723.519212916368,30,1723.5192129163725
GIB,0.0,0.0,0.0,0.0,0.0,23.66287543844816,30,23.66287543844816
GLP,0.0,0.0,0.0,0.0,0.0,501.15621889011265,30,501.15621889011265
GRD,0.0,0.0,0.0,0.0,0.0,231.5536613217194,30,231.5536613217194
GUM,0.0,0.0,0.0,0.0,0.0,205.34186472898017,30,205.34186472897625
JOR,0.0,0.0,0.0,0.0,0.0,29.540364202054924,30,29.540364202054924
KEN,0.0,0.0,0.0,0.0,0.0,1532.3270279363944,30,1533.3245410871878
KNA,0.0,0.0,0.0,0.0,0.0,134.60162164750582,30,134.60162164750497
LCA,0.0,0.0,0.0,0.0,0.0,184.65442965451652,30,184.65442965451652
MAC,0.0,0.0,0.0,0.0,0.0,48.01667364302881,30,48.01667364302881
MAF,0.0,0.0,0.0,0.0,0.0,50.667113954494276,30,50.667113954494276
MCO,0.0,0.0,0.0,0.0,0.0,6.631220687732943,30,6.631220687732943
MLT,0.0,0.0,0.0,0.0,0.0,219.15096428132858,30,219.15096428132858
MSR,0.0,0.0,0.0,0.0,0.0,47.244243888402444,30,47.244243888402444
MTQ,0.0,0.0,0.0,0.0,0.0,392.1114890682411,30,392.1114890682384
MYT,0.0,0.0,0.0,0.0,0.0,247.53430555490837,30,247.53430555490726
NFK,0.0,0.0,0.0,0.0,0.0,42.7329879512614,30,42.7329879512614
PRI,0.0,0.0,0.0,0.0,0.0,1078.2616548704702,30,1078.261654870471
SGP,0.0,0.0,0.0,0.0,0.0,512.387647499812,30,512.387647499812
SVN,0.0,0.0,0.0,0.0,0.0,42.77737261840475,30,42.77737261840475
SXM,0.0,0.0,0.0,0.0,0.0,30.241493970408897,30,30.241493970408897
TGO,0.0,0.0,0.0,0.0,0.0,186.4019165831408,30,186.4019165831408
TZA,0.0,0.0,0.0,0.0,0.0,4271.337612600373,30,4271.337612600357
VCT,0.0,0.0,0.0,0.0,0.0,248.76242700786094,30,248.7624270078562
VGB,0.0,0.0,0.0,0.0,0.0,336.02939163450327,30,336.02939163450196
VIR,0.0,0.0,0.0,0.0,0.0,378.5021292464059,30,378.50212924640545
WLF,0.0,0.0,0.0,0.0,0.0,134.506974911638,30,134.506974911638
xUK,0.0,0.0,0.0,0.0,0.0,74.59009239782979,30,74.59009239782979
ALA,121.21668112321264,0.0,0.0,0.0,0.0,2193.976670211698,50,2315.193351334911
AUS,2755.494156801432,869.057311023797,109.62055278532331,971.4304146994486,135.97968966281053,83844.2401037202,50,89842.3716864268
AZE,1072.2851318578232,0.0,0.0,0.0,0.0,157.17562941620304,50,1320.1045204815505
BRA,236.72343702431914,980.1361409803436,279.54496974266584,13.424796597744555,29377.533024959856,13355.3778429058,50,66947.90344189947
CAN,3212.7593610849417,24259.950166342278,2665.6527906659794,0.0,0.0,35942.2121756274,50,343032.901836461
CHN,6.5042171194158485,16655.31629562953,0.0,61.357036816194295,0.0,21386.863322007543,50,40269.38470623332
CYP,443.6213170836825,0.0,0.0,0.0,0.0,314.4549202259629,50,765.1226132370456
DEU,170.75702209032124,239.90210828674284,0.0,0.0,0.0,3956.368747038014,50,4569.682367339847
DNK,78.24492701878467,84.97920631340342,0.0,0.0,0.0,6752.516324679347,50,6987.216690966078
DZA,250.12302220861403,123.42807245510855,24.57157905899255,0.0,0.0,188.00096555926478,50,1554.3470485246917
EGY,862.6399725264412,396.12383563181425,0.0,57.48219315668825,0.0,2957.412516412881,50,4544.097429678127
ESH,16.43673184377647,96.96890444625542,36.15431446687275,0.0,0.0,60.257202542277575,50,1139.1470940968345
ESP,642.8911969134533,242.77189723262214,3.9809491526789036,0.0,0.0,7549.403026455948,50,8439.047069754459
FIN,1201.3048760390366,8641.028344725331,0.0,0.0,0.0,20082.873477156103,50,29925.83802222776
FRA,43.63222323399571,905.9999334296215,0.0,0.0,0.0,7269.426328972371,50,8222.136563640885
GBR,3353.1002189208225,549.0478567929579,98.3921344772555,0.0,0.0,18405.621911769183,50,22482.633378367813
GGY,73.92492648804244,0.0,0.0,0.0,0.0,75.69193376809586,50,149.61686025613818
GRC,3417.6783785318685,7.333333840554522,3.4892254154284963,0.0,0.0,12282.320426379438,50,15729.525078248967
GRL,4652.735601401047,8513.273314119157,4298.321923758997,0.0,0.0,609.1347275663447,50,95345.10349135539
HRV,1155.923351691057,31.132100817415417,579.5835906545205,0.0,0.0,4132.783951917855,50,5899.422995080822
IDN,64.54990041800127,0.0,0.3899530052833135,3026.0434031508066,30342.134018898043,93533.61727540089,50,133708.68058175014
IMN,147.25016863493627,0.0,0.0,0.0,0.0,14.752645773033793,50,162.00281440796758
IND,542.1072569206173,15.725763229224182,7.088509751386772,207.6131449212193,6222.7801934224135,25220.73208568375,50,33830.50948987402
IRN,255.02285247973165,57.87254791552395,0.0,310.6521490933619,619.61582168692,5067.434247172896,50,7415.852186537426
ISL,1379.0577253071647,890.8130452943673,685.2512303620682,0.0,0.0,5217.527281742479,50,10366.581842129695
ISR,236.7380120336435,0.0,0.0,0.0,0.0,11.846565108275207,50,251.15055428863474
ITA,1799.1212405158926,50.20182638305141,0.0,0.0,0.0,7994.969221062188,50,10211.660102223457
JPN,18114.926284980836,94.86431451314729,532.0226721928224,211.52298655703783,0.0,11220.292939060437,50,33385.49743161596
KAZ,1635.1350071469963,0.0,0.0,0.0,0.0,0.0,50,6583.111406925719
KEN,0.9975131507895082,0.0,0.0,0.0,0.0,1532.3270279363983,50,1533.3245410871878
KOR,8588.393564724705,229.30279302169913,0.0,0.0,0.0,3476.117672271378,50,12700.2956686334
LBN,294.232589564,0.0,0.0,0.0,0.0,0.0,50,294.232589564
LBY,708.8132275142725,242.36915082421066,0.0,0.0,0.0,3.580870238463205,50,2045.9052488529794
MAR,26.993978499614034,29.191975594448504,625.9930716748562,0.0,0.0,893.9425476923429,50,2408.7495818313214
MDG,373.43902329635614,0.0,0.0,1590.782264138186,410.6897257002841,11895.861043975012,50,15434.412227182207
MMR,2.5734449371176105,0.0,0.0,180.7841036320688,10227.582823823093,20802.135981884257,50,33486.07231886116
MNP,65.08864448738211,0.0,0.0,82.44446465297978,0.0,165.42996176863875,50,380.22591979708574
MOZ,284.64522942874913,0.0,4.567907192837155,0.0,3723.0488189739667,7813.420567417148,50,12052.590769651273
MRT,172.51417921255972,130.23859658376935,0.0,0.0,0.0,702.1556820151833,50,1156.086226682325
NLD,91.22077753866522,381.4478459273959,0.0,0.0,0.0,2704.6721329638904,50,3369.059123086038
NOR,7638.755032800736,0.0,5419.286736429733,0.0,0.0,54202.07431513529,50,68490.1446807349
NZL,90.79143475308095,1310.8206159323493,2816.65787226764,0.0,0.0,12362.503337536782,50,16992.40044913289
OMN,52.24724016598363,0.0,60.43201195597992,829.0380624569174,85.14004069092347,1903.6474591433478,50,3114.2342863917384
PHL,8.304742540690118,0.0,0.0,832.0643408901525,51.83079164973378,38736.4683600924,50,39831.55597861775
PRK,2295.6614594632374,1470.5521120254834,0.0,0.0,0.0,56.178751781757676,50,5052.811707977153
PSE,2.888951069431227,0.0,0.0,0.0,0.0,0.0,50,44.02550869193158
QAT,13.781294854532385,0.0,0.0,5.331708262273377,0.0,960.8659756633106,50,979.9789787801259
ROU,90.3976571148892,45.492770735095405,0.0,0.0,0.0,583.2512888137401,50,2401.910377637618
RUS,10632.893371692873,25562.929425383583,849.7919455559796,0.0,0.0,3364.600897467466,50,180435.4797236286
SAU,16.405870731130783,0.0,0.0,10.23303792953839,0.0,7092.0515261558785,50,7118.69043481655
SDN,6.917095687155462,0.0,0.0,95.18548583757274,0.0,1580.7763453586924,50,1688.609830837841
SOM,117.4876401063334,0.0,260.07261162152366,439.49720509822606,237.71366932618412,1081.5514455143268,50,3881.859773851874
SWE,454.7216549534062,8894.346316369807,0.0,0.0,0.0,18817.52956476217,50,28170.060336087066
SYR,235.46040226230633,0.0,0.0,0.0,0.0,0.0,50,235.46040226230633
TKM,1106.2131852044752,0.0,0.0,0.0,0.0,0.0,50,1642.3440267518677
TUN,981.0276076018483,0.0,0.0,0.0,0.0,1018.4170154213439,50,1999.4446230232015
TUR,1325.621065428814,1325.6821525145895,1.1588010523897099,0.0,0.0,4320.139134766222,50,8428.437336452562
UKR,3922.86370667294,422.90339399309596,0.0,0.0,0.0,1067.1656470052274,50,7335.287411965964
USA,3320.447116596848,54969.0184864708,6986.768566516192,48.0328264061276,8.784310124998854,109475.4115603592,50,182915.71990203141
VNM,8.5229949983802,308.5870848572226,0.0,536.0751857758917,2196.722731924362,14295.353461721372,50,18406.42987325767
YEM,238.74814552465227,0.0,0.0,688.4010634308659,43.4614182214584,1890.8136471244588,50,3531.820076361885
ZAF,235.01588601388283,504.3020941384113,137.17675105452747,0.0,29.14293917106363,2515.4862002581126,50,4271.131425375076
xRI,307.4450225958933,0.0,145.629629160001,0.0,0.0,122.00850272780444,50,1363.8711753545922
AGO,0.0,602.7000078517019,0.0,0.0,1345.0040641665942,370.91232555118535,50,2737.1787947922085
ALB,0.0,5.5355736707160075,0.0,0.0,0.0,908.6547409908654,50,914.1903146615699
ARE,0.0,4.113937799204883,0.0,1.6814371463953635,0.0,4108.434293202604,50,4117.1640251092085
ARG,0.0,6041.9114469734595,302.84391443115834,0.0,0.0,493.42413836682,50,12526.344580250341
BEL,0.0,66.93191682035936,0.0,0.0,0.0,173.615004990304,50,240.54692181066673
BGR,0.0,288.32783030404414,0.0,0.0,0.0,71.19875671781196,50,521.8382516827696
CHL,0.0,3501.0340598599964,34715.68906413607,0.0,0.0,3256.0362253080457,50,108013.18281937267
ECU,0.0,82.56159853530866,15.504351120711764,0.0,1315.352166218501,4286.802287314687,50,5712.038707125406
EST,0.0,253.5938552203044,0.0,0.0,0.0,2639.687528283185,50,2958.1433122807257
GEO,0.0,166.4251543846422,0.0,0.0,0.0,0.0,50,360.4784418961309
IRL,0.0,623.464460218811,0.0,0.0,0.0,6956.3427677573845,50,7579.807227976176
IRQ,0.0,181.02922908915622,0.0,0.0,0.0,531.2068988242851,50,712.236127913436
LTU,0.0,207.74409889840223,0.0,0.0,0.0,151.75282079034054,50,363.25271671359747
LVA,0.0,711.0605493059446,0.0,0.0,0.0,88.9358656540092,50,939.2186372068962
MEX,0.0,340.03780000335405,10.470180494516722,1083.272658946733,1446.8264129839022,24394.71684529416,50,27411.458614536175
NAM,0.0,318.6651640669498,0.0,0.0,0.0,0.0,50,1700.511675038788
PER,0.0,1374.0159386788532,122.19948212694155,0.0,107.24699052372067,567.1152585673705,50,3538.2576457587734
POL,0.0,836.299082779872,0.0,0.0,0.0,439.77479988711815,50,1472.4901529520048
PRT,0.0,1061.4027137186254,1033.1129909960391,0.0,0.0,1691.5502534027573,50,3824.250886411605
TWN,0.0,129.27787347063125,0.0,738.254933322495,95.27002421621843,1749.401323437456,50,2736.3568345062486
URY,0.0,527.3664764230203,27.92086609816176,0.0,0.0,97.26209770521888,50,2739.07905886309
ATA,0.0,0.0,8532.355544378814,0.0,0.0,0.0,50,54834.88445802649
ATF,0.0,0.0,277.52920988393595,32.32393494697147,0.0,37.7218896039185,50,4274.446716193538
COL,0.0,0.0,30.638352388293907,7.303900706710334,5627.286229975119,4982.191176251269,50,11092.05248314328
CPV,0.0,0.0,862.8914235397838,0.0,0.0,0.0,50,1141.0080085928778
CRI,0.0,0.0,169.64786206318016,0.0,2.359924668462633,2308.3024339525796,50,2495.8826219893685
FLK,0.0,0.0,277.4473576297414,0.0,0.0,0.0,50,7466.667111874511
FRO,0.0,0.0,691.9571581184496,0.0,0.0,0.0,50,1058.2482687370075
GNQ,0.0,0.0,22.809276763765308,0.0,554.3130981798495,109.00312905508785,50,782.115781441733
PAN,0.0,0.0,12.135771285878825,5.670127045330516,1029.553957195277,7712.208466685788,50,8759.568322212159
PNG,0.0,0.0,10.898402244725032,1321.210991344624,6364.758658402852,17656.268137804615,50,29276.599506985207
SEN,0.0,0.0,66.33795678476562,0.0,3289.032334800925,4121.211971770848,50,7476.582263356412
SGS,0.0,0.0,1535.5745092061995,0.0,0.0,0.0,50,1669.3298401530367
SHN,0.0,0.0,177.66799053134204,0.0,0.0,0.0,50,221.4562349050606
SJM,0.0,0.0,131.34222497498615,0.0,0.0,0.0,50,9106.341976935175
VEN,0.0,0.0,4.930478154376861,0.0,4993.613752139611,4617.446176016235,50,10455.998040610195
ASM,0.0,0.0,0.0,59.39756457373978,0.0,142.04400719645184,50,201.4415717701899
BHS,0.0,0.0,0.0,145.07437907839346,0.0,13518.755302939038,50,13666.348813959257
BRN,0.0,0.0,0.0,10.45833568863646,0.0,477.027438066031,50,487.4857737546649
COK,0.0,0.0,0.0,381.79062292186035,0.0,135.21151504778317,50,517.0021379696434
CUB,0.0,0.0,0.0,58.568806874934936,0.0,18351.1392334159,50,18410.35625248733
DJI,0.0,0.0,0.0,54.90106448111983,0.0,408.86643061036585,50,463.7674950914857
ERI,0.0,0.0,0.0,17.356813347082113,129.98595049270477,3273.4952797835335,50,3536.182565806175
FJI,0.0,0.0,0.0,135.2351080751797,0.0,4905.04213392702,50,5155.754926349106
FSM,0.0,0.0,0.0,454.93107538680687,0.0,1032.5640178637404,50,1487.4950932505474
HND,0.0,0.0,0.0,40.78953767128081,270.3107182521956,2261.103200930916,50,2572.2034568543936
KHM,0.0,0.0,0.0,17.742028035351254,74.9397488198982,1714.412547258319,50,2174.8775986529477
KIR,0.0,0.0,0.0,766.6828471208787,0.0,1418.8338267446948,50,2185.516673865573
MDV,0.0,0.0,0.0,474.58775544895474,0.0,1648.600614537432,50,2123.1883699863815
MHL,0.0,0.0,0.0,1305.3009205643411,0.0,1108.4638598486342,50,2413.764780412975
MUS,0.0,0.0,0.0,264.4128705373076,0.0,447.23405740393594,50,711.6469279412435
MYS,0.0,0.0,0.0,120.34895857094486,4858.000460660735,11469.393276650306,50,17050.60608868472
NCL,0.0,0.0,0.0,451.9977366126917,0.0,3580.8613772288963,50,4041.975207298738
NIC,0.0,0.0,0.0,0.3135963751697501,504.6282451806574,2038.7978244345518,50,2629.8483829830366
NIU,0.0,0.0,0.0,65.9906829347499,0.0,0.0,50,65.9906829347499
NRU,0.0,0.0,0.0,18.463362811306656,0.0,0.0,50,18.463362811306656
PCN,0.0,0.0,0.0,60.60186430546761,0.0,0.0,50,60.60186430546761
PLW,0.0,0.0,0.0,23.784805124898345,0.0,694.8198468257854,50,718.6046519506837
PYF,0.0,0.0,0.0,7129.756074386623,0.0,1079.3143869900646,50,8953.278182113987
REU,0.0,0.0,0.0,82.15694441378028,0.0,156.65828293083302,50,238.81522734461367
SLB,0.0,0.0,0.0,226.51625044199642,0.0,10172.829624185752,50,10399.34587462775
SYC,0.0,0.0,0.0,256.6932529574706,0.0,741.4870483625638,50,1005.2965596567739
THA,0.0,0.0,0.0,124.2786006288609,494.9809770387107,9305.016984716362,50,9925.09419095712
TKL,0.0,0.0,0.0,164.76675593562464,0.0,0.0,50,164.76675593562464
TLS,0.0,0.0,0.0,33.7210447113246,30.52414476435862,720.2402943702398,50,784.4854838459071
TON,0.0,0.0,0.0,103.5493562963187,0.0,720.6202362981537,50,850.0914373885482
TUV,0.0,0.0,0.0,147.7071896025668,0.0,81.43439878617467,50,229.1415883887415
UMI,0.0,0.0,0.0,119.523887431554,0.0,24.154386711996473,50,143.67827414355048
VUT,0.0,0.0,0.0,892.6595376892776,0.0,2255.514639984052,50,3148.174177673314
xPI,0.0,0.0,0.0,22.0558439413455,0.0,2.2051324341537857,50,24.26097637549929
xSI,0.0,0.0,0.0,35.09148424567527,0.0,4.126765097437174,50,39.21824934311244
xSK,0.0,0.0,0.0,21.13559459466195,0.0,0.0,50,21.13559459466195
xSR,0.0,0.0,0.0,46.147191993814445,0.0,0.0,50,46.147191993814445
BGD,0.0,0.0,0.0,0.0,10026.66523302074,961.8995671188472,50,15952.603984546493
CIV,0.0,0.0,0.0,0.0,230.35401495060714,1594.7871478614145,50,1825.1411628120227
CMR,0.0,0.0,0.0,0.0,3350.986544640874,148.14730879918417,50,3499.13385344006
COD,0.0,0.0,0.0,0.0,518.2772868875979,0.0,50,518.2772868875979
COG,0.0,0.0,0.0,0.0,351.16858846078725,0.0,50,367.87007078039846
GAB,0.0,0.0,0.0,0.0,3755.088176970073,0.0,50,4109.4139107288565
GHA,0.0,0.0,0.0,0.0,9.133073548835915,643.5921548161901,50,652.7252283650257
GMB,0.0,0.0,0.0,0.0,504.96016712348995,705.924806465918,50,1210.8849735894057
GNB,0.0,0.0,0.0,0.0,71.20149629117043,7728.27352503317,50,7799.475021324347
GTM,0.0,0.0,0.0,0.0,331.05626696475736,342.36588136409364,50,673.4221483288385
GUF,0.0,0.0,0.0,0.0,1403.2199996614022,425.0650546337981,50,2231.3678229779825
GUY,0.0,0.0,0.0,0.0,1874.0425342876874,60.222101561317515,50,5014.939440966127
LBR,0.0,0.0,0.0,0.0,1239.507235074122,298.95479679771285,50,1538.4620318718307
LKA,0.0,0.0,0.0,0.0,123.11532800946553,3219.352186163293,50,3342.467514172739
NGA,0.0,0.0,0.0,0.0,1034.9562873626096,5342.183815942831,50,6377.140103305453
PAK,0.0,0.0,0.0,0.0,8241.845319516542,2053.767326535138,50,11163.507501963693
SLE,0.0,0.0,0.0,0.0,797.8832370433895,2981.0299762959376,50,3778.913213339313
SLV,0.0,0.0,0.0,0.0,929.0175034473951,22.483302904161096,50,951.5008063515556
SUR,0.0,0.0,0.0,0.0,1242.7681409978609,928.4113925205575,50,8187.632262272098
TTO,0.0,0.0,0.0,0.0,21.90811711239235,694.418140510819,50,716.3262576232107
ABW,0.0,0.0,0.0,0.0,0.0,86.1031594673153,50,86.1031594673153
AIA,0.0,0.0,0.0,0.0,0.0,105.25508647698886,50,105.25508647698886
ATG,0.0,0.0,0.0,0.0,0.0,347.4608870729389,50,347.46088707293814
BEN,0.0,0.0,0.0,0.0,0.0,236.60776175584112,50,236.60776175584112
BES,0.0,0.0,0.0,0.0,0.0,243.52735449389877,50,243.52735449389877
BHR,0.0,0.0,0.0,0.0,0.0,597.4917533383563,50,597.4917533383563
BIH,0.0,0.0,0.0,0.0,0.0,40.142561293419,50,40.142561293419
BLM,0.0,0.0,0.0,0.0,0.0,54.925632508514276,50,54.925632508514276
BLZ,0.0,0.0,0.0,0.0,0.0,2123.262191713419,50,2124.5874309319693
BMU,0.0,0.0,0.0,0.0,0.0,220.92096317462523,50,220.92096317462523
BRB,0.0,0.0,0.0,0.0,0.0,103.9472639706602,50,103.9472639706602
CCK,0.0,0.0,0.0,0.0,0.0,120.51085303304016,50,120.51085303304016
COM,0.0,0.0,0.0,0.0,0.0,475.29000123374436,50,475.290001233731
CUW,0.0,0.0,0.0,0.0,0.0,238.99131449954018,50,238.99131449954018
CXR,0.0,0.0,0.0,0.0,0.0,73.92245347271391,50,73.92245347271391
CYM,0.0,0.0,0.0,0.0,0.0,217.71048525295643,50,218.79593650321254
DMA,0.0,0.0,0.0,0.0,0.0,162.3164775425585,50,162.3164775425585
DOM,0.0,0.0,0.0,0.0,0.0,1723.519212916371,50,1723.5192129163725
GIB,0.0,0.0,0.0,0.0,0.0,23.66287543844816,50,23.66287543844816
GIN,0.0,0.0,0.0,0.0,0.0,4760.1245112854,50,4760.1245112854
GLP,0.0,0.0,0.0,0.0,0.0,501.15621889011265,50,501.15621889011265
GRD,0.0,0.0,0.0,0.0,0.0,231.55366132171943,50,231.5536613217194
GUM,0.0,0.0,0.0,0.0,0.0,205.34186472897625,50,205.34186472897625
HKG,0.0,0.0,0.0,0.0,0.0,796.9727434636775,50,796.9727434636768
HTI,0.0,0.0,0.0,0.0,0.0,2244.247189309598,50,2245.6202087083275
JAM,0.0,0.0,0.0,0.0,0.0,907.2590845552844,50,907.2590845552925
JEY,0.0,0.0,0.0,0.0,0.0,97.96216437305617,50,97.96216437305617
JOR,0.0,0.0,0.0,0.0,0.0,29.540364202054924,50,29.540364202054924
KNA,0.0,0.0,0.0,0.0,0.0,134.60162164750497,50,134.60162164750497
KWT,0.0,0.0,0.0,0.0,0.0,863.5559269695761,50,863.5559269695766
LCA,0.0,0.0,0.0,0.0,0.0,184.65442965451652,50,184.65442965451652
MAC,0.0,0.0,0.0,0.0,0.0,48.01667364302881,50,48.01667364302881
MAF,0.0,0.0,0.0,0.0,0.0,50.667113954494276,50,50.667113954494276
MCO,0.0,0.0,0.0,0.0,0.0,6.631220687732943,50,6.631220687732943
MLT,0.0,0.0,0.0,0.0,0.0,219.1509642813288,50,219.15096428132858
MNE,0.0,0.0,0.0,0.0,0.0,474.9256063079652,50,474.9256063079599
MSR,0.0,0.0,0.0,0.0,0.0,47.24424388840259,50,47.244243888402444
MTQ,0.0,0.0,0.0,0.0,0.0,392.1114890682384,50,392.1114890682384
MYT,0.0,0.0,0.0,0.0,0.0,247.53430555490868,50,247.53430555490726
NFK,0.0,0.0,0.0,0.0,0.0,42.7329879512614,50,42.7329879512614
PRI,0.0,0.0,0.0,0.0,0.0,1078.2616548704682,50,1078.261654870471
SGP,0.0,0.0,0.0,0.0,0.0,512.387647499812,50,512.387647499812
STP,0.0,0.0,0.0,0.0,0.0,174.19166067796885,50,267.78684147953885
SVN,0.0,0.0,0.0,0.0,0.0,42.77737261840475,50,42.77737261840475
SXM,0.0,0.0,0.0,0.0,0.0,30.241493970408897,50,30.241493970408897
TCA,0.0,0.0,0.0,0.0,0.0,1007.5637387390732,50,1007.5637387390708
TGO,0.0,0.0,0.0,0.0,0.0,186.4019165831408,50,186.4019165831408
TZA,0.0,0.0,0.0,0.0,0.0,4271.337612600358,50,4271.337612600357
VCT,0.0,0.0,0.0,0.0,0.0,248.7624270078562,50,248.7624270078562
VGB,0.0,0.0,0.0,0.0,0.0,336.02939163450196,50,336.02939163450196
VIR,0.0,0.0,0.0,0.0,0.0,378.50212924640545,50,378.50212924640545
WLF,0.0,0.0,0.0,0.0,0.0,134.506974911638,50,134.506974911638
WSM,0.0,0.0,0.0,0.0,0.0,474.077862268854,50,474.0778622688439
xUK,0.0,0.0,0.0,0.0,0.0,74.59009239782979,50,74.59009239782979
