iso3,total_area,protected_area,percent_protected
AGO,3.991127754819774,0.0,0.0
ALA,0.7892134475169648,0.008119210502510205,1.0287724478156053
ALB,54.56024772338543,48.57654791156442,89.0328580578341
ARE,55.53599200509518,10.460481719189794,18.83549990109133
ARG,4762.239705570968,2140.8123669609804,44.95389773128415
ASM,1.9968000623937758,0.4174716823329039,20.907034719962716
ATG,25.98887503064736,22.882497726220933,88.04728061232649
AUS,13186.583863270023,4274.888506292071,32.41846827516387
AZE,0.9977819428164463,0.0,0.0
BEL,4.670363651192184,3.914391273919398,83.81341510569928
BGR,1.3133775320400258,0.3155955568393393,24.029309862575097
BHR,18.82526145171029,9.816467648345224,52.14518626222527
BHS,325.6083629635976,290.7997280407471,89.30966188766409
BIH,22.51364243540712,0.0874468776256901,0.38841728021833877
BRA,2906.192019000754,977.9102468266352,33.64919593863841
CAN,68200.34010371075,51133.11446490583,74.97486726187704
CHL,656.3195755131379,381.1069159145999,58.067278523063194
CHN,5417.380019485426,256.35183650097576,4.732026100788948
COK,0.9977819140675156,0.05127250290170939,5.1386482535741775
CRI,5.99285382302177,3.776982671556532,63.024775559302206
CUB,7006.418232926058,6247.199514077347,89.16395376911946
CYP,7.659820477699743,6.717289951573372,87.69513556002538
DEU,202.62889054579517,200.26788282511188,98.83481189956488
DJI,0.9977819336469512,0.0,0.0
DNK,304.346650593724,293.86582045448,96.55628536775488
DPT,1.7919867768670064,1.1123282527614906,62.072347135630835
DZA,1.9955638675084457,1.9955638675084457,100.0
ECU,647.6468146940808,303.5371313734659,46.867694627177805
EGY,54.972918599016346,21.568381374870196,39.234557532217565
ESH,0.740672527563586,0.0,0.0
ESP,883.5815729411694,851.0304529836626,96.31600285085686
EST,224.05129576431005,208.3634578205297,92.99810434469296
FIN,132.4426393757355,82.91562699311696,62.604934018181254
FJI,1293.1644275961703,160.88217947029992,12.440968529374073
FRA,800.7951910419417,771.2296772047915,96.30798059630185
GBR,562.1541406190612,515.8409650146393,91.76148101418939
GEO,5.992890637414346,0.9977819484956029,16.649426943757803
GHA,99.97180519008866,0.0,0.0
GMB,199.97013497502874,141.6759902673245,70.84857460591117
GRC,139.9662956761475,111.55799241978998,79.7034685249595
GRL,3912.0234122972042,3623.807171389119,92.63255327148362
GUM,0.07996640439313196,0.007186180005124255,8.9864988424332
HKG,0.7253283927881706,0.004257042777066746,0.5869124688063878
HND,58.25156699663948,39.57058348545602,67.93050474975006
HRV,97.84478714191764,93.50818370832158,95.56787483496072
IND,1704.2738863430027,1697.1537244560013,99.58221727481376
IRL,99.06820022796124,86.9264367266566,87.7440354489475
IRN,18257.389260261105,3577.2364082545832,19.593362212201768
IRQ,6528.246057180067,19.979420027926928,0.30604575643947485
ISL,43.27340688659217,11.684458730613906,27.00147635991706
ITA,439.33098040808585,417.80522666262374,95.10033330099616
JPN,8.980037489740754,5.795956215181266,64.542672809583
KEN,1.9955638846107555,0.0,0.0
KHM,0.24207406844621843,0.0,0.0
KOR,224.9460953580736,36.76864314588578,16.345535176930607
KWT,11372.300622215182,1374.8874474081379,12.089791618086219
LBY,1.9955639156994147,0.8281285016909536,41.498470441158844
LKA,77.95847270097191,38.67049370203165,49.60396524231746
LTU,0.9977819293038717,0.9977819293038717,100.0
LVA,8.695169894178475,7.753254105846946,89.1673676328952
MAC,2.0517863235362994,0.0,0.0
MAR,66.97729255848051,66.97729255848051,100.0
MDG,57.82548085160573,46.91840604747905,81.13794361327164
MEX,15314.248319780128,11409.493734647387,74.50247309827608
MLT,0.9977819368977989,0.6397546773145367,64.11768480231224
MNE,1.0502621587492322,1.0178372875076434,96.91268784926956
MNP,0.0016172742479601025,2.019678008679402e-06,0.12488160318058973
MRT,12133.532482622582,2684.513359126354,22.12474696030248
NAM,214.16239901546678,145.8427346404404,68.09913192553827
NCL,0.9977819456493648,0.0,0.0
NIC,758.0990396542984,481.5530924982653,63.52113210931633
NLD,151.6878656535444,147.42098302232873,97.18706396663181
NOR,48.97032756872734,21.137136832367034,43.16315181413101
NZL,196.2849927289055,48.486775504036004,24.702232621014687
OMN,1.2075258902757284,0.9977819521365454,82.63027403153322
PAK,3968.094100462982,3967.094309948877,99.97480426399191
PAN,220.96492777577734,87.81289285280897,39.7406474125688
PER,289.6253783015139,80.75307879202151,27.881907057175663
PHL,1.995563955703938,0.0,0.0
POL,8.890885019792487,7.605543658261821,85.54315617996075
PRI,58.438725286114966,12.913952564117645,22.098279010863365
PRK,7.055496763566896,0.0,0.0
PRT,198.93538891348584,184.66068684452972,92.82445313178341
QAT,3.153038823067405,1.1574749394001165,36.709821995597174
ROU,54.72135215908071,54.72135215908071,100.0
RUS,9405.851378579262,3352.508780430316,35.64279984335354
SAU,420.574406394012,2.931741520532306,0.6970803443958797
SDN,0.9977819680689347,0.0,0.0
SOM,0.9977819117288544,0.0,0.0
SUR,119.977887901894,119.977887901894,100.0
SVN,3.2091689014178737,1.0704810780337581,33.35695661143914
SWE,355.2985153953294,257.0233675198677,72.34011862782087
TON,2.9947623430522023,0.09190984091668569,3.0690195210286038
TUN,1.99556388506084,0.9977819534783107,50.00000054861139
TUR,256.17802961652393,143.20714694000068,55.90141635267054
TWN,47.04733070150056,0.825915429947996,1.7554990211626473
TZA,5967.298967580537,3601.8400891226574,60.35963856831924
UKR,2.8787994788140945,0.8832355897775633,30.680691596533403
URY,303.75954508951605,197.93162324897662,65.16062670249502
USA,18785.55231994429,6192.946213545246,32.966537837539676
VEN,2583.009529094306,378.302890030527,14.64581859917386
VIR,1.2639190767705197,0.4135168055281815,32.71703174104877
VNM,301.19156852846805,0.9977819399263719,0.33127817780598445
VUT,1.9955639036080066,0.0,0.0
YEM,0.9977819622504172,0.0,0.0
ZAF,1037.2939510407255,229.79000702844965,22.152833996370987
xUK,11.907466412057499,11.728120026255404,98.49383252829931
